{"cameraMode":{"drawMode":0,"name":"Shaded","section":"Shading Mode"},"sceneLighting":true,"audioPlay":false,"sceneViewState":{"showFog":true,"showMaterialUpdate":false,"showSkybox":true,"showFlares":true,"showImageEffects":true,"showParticleSystems":true},"in2DMode":false,"pivot":{"x":-100.54643249511719,"y":1.4348944425582886,"z":-2.403414249420166},"rotation":{"x":-0.09303688257932663,"y":0.25165143609046938,"z":-0.024311715736985208,"w":-0.963029146194458},"size":357.7839660644531,"orthographic":false}